id	title
beaurain	Le cartulaire blanc de Saint-Denis : chapitre de Beaurain
dugny	Le cartulaire blanc de Saint-Denis : chapitre de Dugny
pierrefitte	Le cartulaire blanc de Saint-Denis : chapitre de Pierrefitte
rueil	Le cartulaire blanc de Saint-Denis : chapitre de Rueil-Malmaison
saint-denis-site	Chartes de l’abbaye de Saint-Denis — pages éditoriales historiques
saint-martin	Le cartulaire blanc de Saint-Denis : chapitre de Saint-Martin
tremblay	Le cartulaire blanc de Saint-Denis : chapitre de Tremblay-en-France
ully	Le cartulaire blanc de Saint-Denis : chapitre d’Ully-Saint-Georges
ISD-vol1	Inventaire général des chartes de Saint-Denis : tome I (Archives nationales, LL 1189)
ISD-vol2	Inventaire général des chartes de Saint-Denis : tome II (Archives nationales, LL 1190)
ISD-vol3	Inventaire général des chartes de Saint-Denis : tome III (Archives nationales, LL 1191)
